Rank,Feature,Importance Score,Importance (%)
1,part_time_hours,0.16712710425603006,16.71
2,assignment_completion,0.13846448419068724,13.85
3,stress_level,0.13671373612251533,13.67
4,attendance,0.12145867603407945,12.15
5,gpa,0.10608945415087997,10.61
6,sleep_hours,0.09030179351181862,9.03
7,screen_time,0.09014281805642979,9.01
8,study_hours,0.0844752375372779,8.45
9,social_hours,0.06522669614028176,6.52
